,features,coefficients
0,Economy: GDP per capita,2.7673454557767276
1,Healthy life expectancy,1.3900467191146841
2,Freedom,1.515547279569721
